Firstname;Lastname;Gender;Martial_Status;Nationality;Security_ID;Email;Phone;City;Postcode;Address;Password;Booking_Date;Move_in_Date;Shared_2h_House;Shared_3h_House;Family_1h_House;Family_2h_House;Budget_Min;Budget_Max;Building_A;Building_B;Building_C;Building_D;Building_E;Building_F
Thy;Khuu;Male;Single;Vietnam;210594-2297;bachthy94@gmail.com;+358 466817209;Kokkola;67100;Kustaa Adolfinkatu 1 a 6;bachthy20fc;;;;;;;;;;;;;;
Adams;Priffin;Male;Cohabitation;Australia;275890-3957;adams.prifti20@gmail.com;+84 842390979;Tokyo;67355;Karentiekatu 2;adams;10/12/2021;01/01/2022;x;x;;;220.0;300.0;x;x;x;x;;
Baker;Shehu;Male;Divorced;Austria;485920-5839;baker.shehu@gmail.com;+33 536609017;New York;34633;Varienkatu 1;bachthy20fc;;;;;;;;;;;;;;
Clark;Dervishi;Male;Maried;Azerbaijan;475878-3849;clark.dervishi@gmail.com;+12 240401649;Mexico City;23866;Josenerakatu 5;bachthy20fc;;;;;;;;;;;;;;
Davis;Bektashi;Male;Widow;Bahamas;127483-2846;davis.bektashi@gmail.com;+89 537237065;Mumbai;35244;Koydenpunojakatu 1;bachthy20fc;;;;;;;;;;;;;;
Evans;Begu;Male;Divorced;Bahrain;274856-2917;evans.begu@gmail.com;+84 533136895;S?o Paulo;98333;Vidsasinkatu 5;bachthy20fc;;;;;;;;;;;;;;
Frank;Gjoni;Male;Living apart;Bangladesh;183647-1938;frank.gjoni @gmail.com;+90 684318795;Tokyo;37311;Valenxera 1;bachthy20fc;;;;;;;;;;;;;;
Ghosh;Leka;Male;Single;Barbados;461817-3817;ghosh.leka@gmail.com;+381 772871598;New York;96343;Karentiekatu 2;bachthy20fc;;;;;;;;;;;;;;
Hills;Gjoni;Female;Cohabitation;Belarus;363818-9472;hills.gjoni@gmail.com;+384 862597453;Mexico City;23407;Varienkatu 1;bachthy20fc;;;;;;;;;;;;;;
Irwin;Murati;Female;Maried;Belgium;361826-2947;irwin.murati@gmail.com;+381 93587473;Mumbai;23555;Josenerakatu 5;bachthy20fc;;;;;;;;;;;;;;
Jones;Mehmeti;Female;Single;Belize;184618-2847;jones.mehmeti@gmail.com;+384 854078098;Sao Paulo;23866;Koydenpunojakatu 1;bachthy20fc;;;;;;;;;;;;;;
Klein;Hysi;Female;Single;Benin;373946-9927;klein.hysi@gmail.com;+23 899468701;Tokyo;35244;Vidsasinkatu 5;bachthy20fc;;;;;;;;;;;;;;
Lopez;Gjika;Male;Engaged;Bermuda;143847-9928;lopez.gjika@gmail.com;+38 44180348;New York;98333;Valenxera 1;bachthy20fc;;;;;;;;;;;;;;
Mason;Marku;Male;Single;Bhutan;354816-2947;mason.marku@gmail.com;+47 688167205;Mexico City;37311;Koydenpunojakatu 1;bachthy20fc;;;;;;;;;;;;;;
Nalty;Kola;Male;Cohabitation;Bolivia;143846-3974;nalty.kola@gmail.com;+19 528754519;Mumbai;96343;Vidsasinkatu 5;bachthy20fc;;;;;;;;;;;;;;
Ochoa;Hasani;Male;Divorced;Gambia;153746-1937;ochoa.hasani@gmail.com;+22 924895631;Sao Paulo;23407;Valenxera 1;bachthy20fc;;;;;;;;;;;;;;
Patel;Kristi;Male;Maried;Georgia;153846-3947;patel.kristi@gmail.com;+89 707113735;Tokyo;23555;Karentiekatu 2;bachthy20fc;;;;;;;;;;;;;;
Quinn;Luka;Female;Widow;Germany;153831-1336;quinn.luka@gmail.com;+11 347125410;New York;12756;Varienkatu 1;bachthy20fc;;;;;;;;;;;;;;
Reily;Brahimi;Female;Divorced;Ghana;391736-8463;reily.brahimi@gmail.com;+38 202409165;Mexico City;47856;Josenerakatu 5;bachthy20fc;;;;;;;;;;;;;;
Smith;Sinani;Female;Living apart;Gibraltar;139462-3917;smith.sinani@gmail.com;+84 636588389;Mumbai;74245;Koydenpunojakatu 1;bachthy20fc;;;;;;;;;;;;;;
Trott;Thanasi;Female;Single;Greece;394616-2927;trott.thanasi@gmail.com;+33 19403278;S?o Paulo;96343;Vidsasinkatu 5;bachthy20fc;;;;;;;;;;;;;;
Usman;Halili;Female;Cohabitation;Greenland;391649-0736;usman.halili@gmail.com;+12 389729822;Ha Noi;23407;Valenxera 1;bachthy20fc;;;;;;;;;;;;;;
Valdo;Abazi;Male;Maried;Grenada;173836-9271;valdo.abazi@gmail.com;+89 995792096;Mumbai;23555;Karentiekatu 2;bachthy20fc;;;;;;;;;;;;;;
White;Dibra;Female;Single;Guadeloupe;148494-4942;white.dibra@gmail.com;+84 19718882;Helsinki;23866;Varienkatu 1;bachthy20fc;;;;;;;;;;;;;;
Xiang;Huber;Female;Single;Guam;374939-9373;xiang.huber@gmail.com;+90 210410401;Vantaa;35244;Josenerakatu 5;bachthy20fc;;;;;;;;;;;;;;
Yakub;Bauer;Female;Engaged;Guatemala;749271-3947;yakub.bauer@gmail.com;+381 783943421;Oulu;98333;Koydenpunojakatu 1;bachthy20fc;;;;;;;;;;;;;;
Zafar;Wagner;Female;Single;Philippines;746153-3949;zafar.wagner@gmail.com;+384 843748511;Bangkok;37311;Vidsasinkatu 5;bachthy20fc;;;;;;;;;;;;;;
Sneezy;Miller;Male;Cohabitation;Switzerland;749263-9271;sneezy.miller@gmail.com;+381 602323433;Tokyo;96343;Valenxera 1;bachthy20fc;;;;;;;;;;;;;;
Sleepy;Pichler;Male;Divorced;Syrian Arab;937361-3947;sleepy.pichler@gmail.com;+384 959869574;New York;23407;Koydenpunojakatu 1;bachthy20fc;;;;;;;;;;;;;;
Dopey;Steiner;Male;Maried;Taiwan;371916-9473;dopey.steiner@gmail.com;+23 301071896;Mexico City;23555;Vidsasinkatu 5;bachthy20fc;;;;;;;;;;;;;;
Doc;Moser;Male;Widow;Tajikistan;151738-9626;doc.moser@gmail.com;+38 515682429;Mumbai;12756;Valenxera 1;bachthy20fc;;;;;;;;;;;;;;
Happy;Mayer;Female;Divorced;Tanzania;461836-4836;happy.mayer@gmail.com;+47 734831020;S?o Paulo;47856;Karentiekatu 2;bachthy20fc;;;;;;;;;;;;;;
Bashful;Hofer;Female;Living apart;Thailand;273548-4837;bashful.hofer@gmail.com;+19 278888184;Tokyo;74245;Varienkatu 1;bachthy20fc;;;;;;;;;;;;;;
Grumpy;Leitner;Female;Single;Timor-Leste;257382-9482;grumpy.leitner@gmail.com;+22 690427671;New York;23407;Josenerakatu 5;bachthy20fc;;;;;;;;;;;;;;
Mufasa;Berger;Female;Cohabitation;Togo;361518-4947;mufasa.berger@gmail.com;+89 631233019;Mumbai;23555;Koydenpunojakatu 1;bachthy20fc;;;;;;;;;;;;;;
Sarabi;Fuchs;Female;Maried;Tokelau;153393-3716;sarabi.fuchs@gmail.com;+11 791338058;Helsinki;12756;Vidsasinkatu 5;bachthy20fc;;;;;;;;;;;;;;
Simba;Eder;Male;Single;Tonga;153738-4828;simba.eder@gmail.com;+38 974739641;Vantaa;47856;Valenxera 1;bachthy20fc;;;;;;;;;;;;;;
Nala;Fischer;Male;Single;Montserrat;151839-4873;nala.fischer@gmail.com;+384 710614969;Oulu;74245;Karentiekatu 2;bachthy20fc;;;;;;;;;;;;;;
Kiara;Schmid;Female;Engaged;Niger;737151-4949;kiara.schmid@gmail.com;+381 169749729;Bangkok;96343;Varienkatu 1;bachthy20fc;;;;;;;;;;;;;;
Kovu;Winkler;Female;Single;Philippines;716844-1747;kovu.winkler@gmail.com;+384 96303359;Tokyo;23407;Josenerakatu 5;bachthy20fc;;;;;;;;;;;;;;
Timon;Weber;Female;Cohabitation;Uzbekistan;152631-4847;timon.weber@gmail.com;+23 121278398;New York;67100;Koydenpunojakatu 1;bachthy20fc;;;;;;;;;;;;;;
Pumbaa;Schwarz;Female;Divorced;Vanuatu;153749-1834;pumbaa.schwarz@gmail.com;+38 540889122;Mexico City;67355;Vidsasinkatu 5;bachthy20fc;;;;;;;;;;;;;;
Rafiki;Maier;Female;Maried;Venezuela;718621-3864;rafiki.maier@gmail.com;+47 342165495;Bangkok;34633;Valenxera 1;bachthy20fc;;;;;;;;;;;;;;
Shenzi;Schneider;Female;Widow;Sierra Leone;163881-8473;shenzi.schneider@gmail.com;+19 93727345;Tokyo;23866;Koydenpunojakatu 1;bachthy20fc;;;;;;;;;;;;;;
Long;Le;Male;Divorced;Singapore;618937-1837;long.le@gmail.com;+22 734176224;New York;35244;Vidsasinkatu 5;bachthy20fc;;;;;;;;;;;;;;
Thai;Nguyen;Male;Living apart;Vietnam;731818-3847;thai.nguyen@gmail.com;+89 952607191;Mexico City;98333;Valenxera 1;bachthy20fc;;;;;;;;;;;;;;
Vuong;Tran;Male;Single;Vietnam;151573-3848;vuong.tran@gmail.com;+11 447695320;Mumbai;37311;Valenxera 10;bachthy20fc;;;;;;;;;;;;;;
Hien;Le;Male;Cohabitation;Senegal;716383-1836;hien.le@gmail.com;+38 382725405;Helsinki;38166;Karentiekatu 2;bachthy20fc;;;;;;;;;;;;;;
Tuan;Phan;Female;Maried;Serbia;261638-3847;tuan.phan@gmail.com;+86 487210736;Vantaa;76199;Varienkatu 1;bachthy20fc;;;;;;;;;;;;;;
